description,sku,price,retail,uri,img
Gaseosa Sprite Botella 500 ml,13189,S/. 2.40,wong,https://www.wong.pe/gaseosa-sprite-botella-500-ml-13189/p,https://wongfood.vteximg.com.br/arquivos/ids/155957-1000-1000/Gaseosa-Sprite-Botella-500-ml-13189.jpg?v=636052203307200000
Gaseosa SPRITE Lima limón Botella 500ml,382618,S/ 2.40,plaza_vea,https://www.plazavea.com.pe/382618-obsoleto/p,https://plazavea.vteximg.com.br/arquivos/Cintillo-M-25-03.png?v=637207552647430000
Gaseosa Sprite Botella 500 ml,13189,S/. 2.40,metro,https://www.metro.pe/gaseosa-sprite-botella-500-ml-13189/p,https://wongfood.vteximg.com.br/arquivos/ids/155957-1000-1000/Gaseosa-Sprite-Botella-500-ml-13189.jpg?v=636052203307200000
Sazonador Ajinomoto Bolsa 500 g,4340,S/. 8.20,wong,https://www.wong.pe/sazonador-ajinomoto-bolsa-500-g-4340/p,https://wongfood.vteximg.com.br/arquivos/ids/343633-1000-1000/4340-1.jpg?v=637152284517700000
Sazonador AJI-NO-MOTO Umami Glutamato de Sodio Bolsa 500Gr,163941,S/ 7.50,plaza_vea,https://www.plazavea.com.pe/sazonador-aji-no-moto-umami-glutamato-de-sodio-bolsa-500gr/p,https://plazavea.vteximg.com.br/arquivos/Cintillo-M-25-03.png?v=637207552647430000
Sazonador Ajinomoto Bolsa 500 g,4340,S/. 5.69,metro,https://www.metro.pe/sazonador-ajinomoto-bolsa-500-g-4340/p,https://wongfood.vteximg.com.br/arquivos/ids/343633-1000-1000/4340-1.jpg?v=637152284517700000
Aceite Vegetal Primor Clásico Botella 1 L,3201,S/. 6.75,wong,https://www.wong.pe/aceite-vegetal-primor-clasico-botella-1-l-3201/p,https://wongfood.vteximg.com.br/arquivos/ids/225126-1000-1000/3201-1.jpg?v=636628723395000000
Aceite Vegetal PRIMOR Botella 1L,161,S/ 6.49,plaza_vea,https://www.plazavea.com.pe/aceite-vegetal-primor-botella-1l/p,https://plazavea.vteximg.com.br/arquivos/Cintillo-M-25-03.png?v=637207552647430000
Aceite Vegetal Primor Clásico Botella 1 L,3201,S/. 6.75,metro,https://www.metro.pe/aceite-vegetal-primor-clasico-botella-1-l-3201/p,https://wongfood.vteximg.com.br/arquivos/ids/225126-1000-1000/3201-1.jpg?v=636628723395000000
Aceite Vegetal PRIMOR Botella 1L,161,S/ 6.99,vivanda,https://www.vivanda.com.pe/aceite-vegetal-primor-botella-1l/p,https://vivanda.vteximg.com.br/arquivos/ids/162110-618-618/161.jpg?v=636137728032100000
ACEITE VEGETAL PRIMOR - BOTELLA 1 LT,primor-aceite-vegetal-40896347/p/,s/ 6.19,tottus,https://www.tottus.com.pe/primor-aceite-vegetal-40896347/p/,https://e39a9f00db6c5bc097f9-75bc5dce1d64f93372e7c97ed35869cb.ssl.cf1.rackcdn.com/img-MHhuHve0.jpg
Sazonador AJI-NO-MOTO Umami Glutamato de Sodio Bolsa 500Gr,163941,S/ 7.80,vivanda,https://www.vivanda.com.pe/sazonador-aji-no-moto-umami-glutamato-de-sodio-bolsa-500gr/p,https://vivanda.vteximg.com.br/arquivos/ids/178840-618-618/163941.jpg?v=636973645426500000
SAZONADOR AJINOMOTO - SOBRE 500 GR,ajinomoto-sazonador-10164368/p/,s/ 8.9,tottus,https://www.tottus.com.pe/ajinomoto-sazonador-10164368/p/,https://e39a9f00db6c5bc097f9-75bc5dce1d64f93372e7c97ed35869cb.ssl.cf1.rackcdn.com/img-xEQqtt0s.jpg
"LG Smart TV NanoCell 49"" UHD 49NANO81",793650,"S/. 1,899.00",wong,https://www.wong.pe/lg-smart-tv-nanocell-49-uhd-49nano81-793650/p,https://wongfood.vteximg.com.br/arquivos/ids/381267-1000-1000/LG-Smart-TV-NanoCell-49-UHD-49NANO81-1-150438307.jpg?v=637360712050830000
Televisor LG NanoCell LED 49'' 4K Smart TV AI 49NANO81 (2020),20197304,"S/ 2,199.00",plaza_vea,https://www.plazavea.com.pe/televisor-lg-nanocell-led-49-4k-smart-tv-ai-49nano81-2020/p,https://plazavea.vteximg.com.br/arquivos/Cintillo-M-25-03.png?v=637207552647430000
"LG Smart TV NanoCell 49"" UHD 49NANO81",793650,"S/. 1,899.00",metro,https://www.metro.pe/lg-smart-tv-nanocell-49-uhd-49nano81-793650/p,https://wongfood.vteximg.com.br/arquivos/ids/381267-1000-1000/LG-Smart-TV-NanoCell-49-UHD-49NANO81-1-150438307.jpg?v=637360712050830000
Televisor LG NanoCell LED 49'' 4K Smart TV AI 49NANO81 (2020),televisor-lg-nanocell-led-49---4k-smart-tv-ai-49nano81--2020--38203/p,"S/ 2,199.00",vivanda,https://www.vivanda.com.pe/televisor-lg-nanocell-led-49---4k-smart-tv-ai-49nano81--2020--38203/p,https://vivanda.vteximg.com.br/arquivos/ids/187826-618-618/image-91bd7fb95b6743cda8533d8934a43bf2.jpg?v=637311456187970000
"TV NANOCELL 49'' UHD 4K THINQ AI 49NANO81 (2020) LG - 49""",lg-tv-nanocell-49-ultrahd-4k-thinq-ai-42127276/p/,"s/ 1,999",tottus,https://www.tottus.com.pe/lg-tv-nanocell-49-ultrahd-4k-thinq-ai-42127276/p/,https://e39a9f00db6c5bc097f9-75bc5dce1d64f93372e7c97ed35869cb.ssl.cf1.rackcdn.com/img-tNqiAcTK.jpg
Arroz Extra Costeño Bolsa 5 Kg,14974,S/. 21.39,wong,https://www.wong.pe/arroz-extra-costeno-bolsa-5-kg-14974/p,https://wongfood.vteximg.com.br/arquivos/ids/254547-1000-1000/Arroz-Extra-Costeño-Bolsa-5-Kg-1-4455.jpg?v=636765120201500000
Arroz Extra COSTEÑO Bolsa 5Kg,641425,S/ 17.50,plaza_vea,https://www.plazavea.com.pe/arroz-extra-costeno-bolsa-5kg/p,https://plazavea.vteximg.com.br/arquivos/Cintillo-M-25-03.png?v=637207552647430000
Arroz Extra Costeño Bolsa 5 Kg,14974,S/. 17.19,metro,https://www.metro.pe/arroz-extra-costeno-bolsa-5-kg-14974/p,https://wongfood.vteximg.com.br/arquivos/ids/254547-1000-1000/Arroz-Extra-Costeño-Bolsa-5-Kg-1-4455.jpg?v=636765120201500000
Arroz Extra COSTEÑO Bolsa 5Kg,641425,S/ 20.29,vivanda,https://www.vivanda.com.pe/arroz-extra-costeno-bolsa-5kg/p,https://vivanda.vteximg.com.br/arquivos/ids/165128-618-618/641425.jpg?v=636137791278030000
ARROZ EXTRA COSTENO - BOLSA 5 KG,costeno-arroz-extra-10472604/p/,s/ 19.1,tottus,https://www.tottus.com.pe/costeno-arroz-extra-10472604/p/,https://e39a9f00db6c5bc097f9-75bc5dce1d64f93372e7c97ed35869cb.ssl.cf1.rackcdn.com/img-jEZjxG4h.jpg
Whisky Red Label Johnnie Walker Botella 1 lt,727725,S/. 59.90,wong,https://www.wong.pe/whisky-red-label-johnnie-walker-botella-1-lt-727725/p,https://wongfood.vteximg.com.br/arquivos/ids/361401-1000-1000/Whisky-Red-Label-Johnnie-Walker-Botella-1-lt-1-14836393.jpg?v=637273442748300000
Whisky JOHNNIE WALKER Red Label Botella 1L,216753,S/ 59.90,plaza_vea,https://www.plazavea.com.pe/whisky-johnnie-walker-red-label-botella-1l/p,https://plazavea.vteximg.com.br/arquivos/Cintillo-M-25-03.png?v=637207552647430000
Whisky Red Label Johnnie Walker Botella 1 lt,727725,S/. 59.90,metro,https://www.metro.pe/whisky-red-label-johnnie-walker-botella-1-lt-727725/p,https://wongfood.vteximg.com.br/arquivos/ids/361401-1000-1000/Whisky-Red-Label-Johnnie-Walker-Botella-1-lt-1-14836393.jpg?v=637273442748300000
Whisky JOHNNIE WALKER Red Label Botella 1L,216753,S/ 59.90,vivanda,https://www.vivanda.com.pe/whisky-johnnie-walker-red-label-botella-1l/p,https://vivanda.vteximg.com.br/arquivos/ids/183001-618-618/216753.jpg?v=637225181312230000
WHISKY RED LABEL JOHNNIE-WALKER - BOTELLA 1 LT,johnnie-walker-whisky-red-label-con-estuche-10178071/p/,s/ 59.9,tottus,https://www.tottus.com.pe/johnnie-walker-whisky-red-label-con-estuche-10178071/p/,https://e39a9f00db6c5bc097f9-75bc5dce1d64f93372e7c97ed35869cb.ssl.cf1.rackcdn.com/img-sdVuXdv6.jpg
Gaseosa Coca Cola Botella 500 ml,3814,S/. 2.60,wong,https://www.wong.pe/gaseosa-coca-cola-botella-500-ml-3814/p,https://wongfood.vteximg.com.br/arquivos/ids/344237-1000-1000/frontal-4850.jpg?v=637153129651530000
Gaseosa Coca Cola Botella 500 ml,3814,S/. 2.60,metro,https://www.metro.pe/gaseosa-coca-cola-botella-500-ml-3814/p,https://wongfood.vteximg.com.br/arquivos/ids/344237-1000-1000/frontal-4850.jpg?v=637153129651530000
Gaseosa COCA COLA Botella 500ml,281027,S/ 2.60,plaza_vea,https://www.plazavea.com.pe/gaseosa-coca-cola-botella-500ml/p,https://plazavea.vteximg.com.br/arquivos/Cintillo-M-25-03.png?v=637207552647430000
Gaseosa COCA COLA Botella 500ml,281027,S/ 2.60,vivanda,https://www.vivanda.com.pe/gaseosa-coca-cola-botella-500ml/p,https://vivanda.vteximg.com.br/arquivos/ids/181908-618-618/281027.jpg?v=637153208424570000
GASEOSA NO RETORNABLE COCA-COLA - BOTELLA 500 ML,coca-cola-gaseosa-no-retornable-10164146/p/,s/ 2.6,tottus,https://www.tottus.com.pe/coca-cola-gaseosa-no-retornable-10164146/p/,https://e39a9f00db6c5bc097f9-75bc5dce1d64f93372e7c97ed35869cb.ssl.cf1.rackcdn.com/img-uwcBMGYz.jpg
Gaseosa Inca Kola Botella 500 ml,59539001,S/. 2.60,wong,https://www.wong.pe/gaseosa-inca-kola-botella-500-ml-59539001/p,https://wongfood.vteximg.com.br/arquivos/ids/344200-1000-1000/frontal-4597.jpg?v=637153128880700000
Gaseosa Inca Kola Botella 500 ml,59539001,S/. 2.60,metro,https://www.metro.pe/gaseosa-inca-kola-botella-500-ml-59539001/p,https://wongfood.vteximg.com.br/arquivos/ids/344200-1000-1000/frontal-4597.jpg?v=637153128880700000
Gaseosa INCA KOLA Botella 500ml,497497,S/ 2.60,plaza_vea,https://www.plazavea.com.pe/gaseosa-inca-kola-botella-500ml/p,https://plazavea.vteximg.com.br/arquivos/Cintillo-M-25-03.png?v=637207552647430000
Gaseosa INCA KOLA Botella 500ml,497497,S/ 2.60,vivanda,https://www.vivanda.com.pe/gaseosa-inca-kola-botella-500ml/p,https://vivanda.vteximg.com.br/arquivos/ids/181912-618-618/497497.jpg?v=637153208444270000
GASEOSA INCA-KOLA - BOTELLA 500 ML,inca-kola-gaseosa-10174358/p/,s/ 2.6,tottus,https://www.tottus.com.pe/inca-kola-gaseosa-10174358/p/,https://e39a9f00db6c5bc097f9-75bc5dce1d64f93372e7c97ed35869cb.ssl.cf1.rackcdn.com/img-ImB_nFnV.jpg
Gaseosa Pepsi Botella 500 ml,103181,S/. 2.20,wong,https://www.wong.pe/gaseosa-pepsi-botella-500-ml-103181/p,https://wongfood.vteximg.com.br/arquivos/ids/273848-1000-1000/103181-1.jpg?v=636850638318230000
Gaseosa Pepsi Botella 500 ml,103181,S/. 1.99,metro,https://www.metro.pe/gaseosa-pepsi-botella-500-ml-103181/p,https://wongfood.vteximg.com.br/arquivos/ids/273848-1000-1000/103181-1.jpg?v=636850638318230000
Gaseosa PEPSI Botella 500ml,64718,S/ 1.99,plaza_vea,https://www.plazavea.com.pe/gaseosa-pepsi-botella-500ml/p,https://plazavea.vteximg.com.br/arquivos/Cintillo-M-25-03.png?v=637207552647430000
Gaseosa PEPSI Botella 500ml,64718,S/ 2.20,vivanda,https://www.vivanda.com.pe/gaseosa-pepsi-botella-500ml/p,https://vivanda.vteximg.com.br/arquivos/ids/183684-618-618/64718.jpg?v=637238984031800000
GASEOSA  PEPSI - BOTELLA 500 ML,pepsi-gaseosa-10456593/p/,s/ 1.8,tottus,https://www.tottus.com.pe/pepsi-gaseosa-10456593/p/,https://e39a9f00db6c5bc097f9-75bc5dce1d64f93372e7c97ed35869cb.ssl.cf1.rackcdn.com/img-C6slhVTX.jpg
Pan Blanco Mediano Bimbo Bolsa 500 g,141803,S/. 8.30,wong,https://www.wong.pe/pan-blanco-mediano-bimbo-bolsa-500-g-141803/p,https://wongfood.vteximg.com.br/arquivos/ids/354175-1000-1000/141803-01-69799.jpg?v=637231860223030000
Pan de Molde Blanco BIMBO Mediano Bolsa 500g,20019588,S/ 8.30,plaza_vea,https://www.plazavea.com.pe/pan-de-molde-blanco-bimbo-mediano-bolsa-500g/p,https://plazavea.vteximg.com.br/arquivos/Cintillo-M-25-03.png?v=637207552647430000
PAN DE MOLDE BLANCO MEDIANO BIMBO - BOLSA 500 GR,bimbo-pan-de-molde-blanco-mediano-40457334/p/,s/ 8.3,tottus,https://www.tottus.com.pe/bimbo-pan-de-molde-blanco-mediano-40457334/p/,https://e39a9f00db6c5bc097f9-75bc5dce1d64f93372e7c97ed35869cb.ssl.cf1.rackcdn.com/img-hi-DUiYD.jpg
Leche Evaporada Entera Gloria Lata 400 gr,59521001,S/. 3.35,wong,https://www.wong.pe/leche-evaporada-entera-gloria-lata-400-gr-59521001/p,https://wongfood.vteximg.com.br/arquivos/ids/363948-1000-1000/59521001-01-65.jpg?v=637279704140170000
Leche Evaporada Entera Gloria Lata 400 gr,59521001,S/. 3.20,metro,https://www.metro.pe/leche-evaporada-entera-gloria-lata-400-gr-59521001/p,https://wongfood.vteximg.com.br/arquivos/ids/363948-1000-1000/59521001-01-65.jpg?v=637279704140170000
Leche GLORIA Evaporada Entera Lata 400g,949,S/ 3.20,plaza_vea,https://www.plazavea.com.pe/leche-evaporada-gloria-azul-lata-400g/p,https://plazavea.vteximg.com.br/arquivos/Cintillo-M-25-03.png?v=637207552647430000
Leche GLORIA Evaporada Entera Lata 400g,949,S/ 3.35,vivanda,https://www.vivanda.com.pe/leche-evaporada-gloria-azul-lata-400g/p,https://vivanda.vteximg.com.br/arquivos/ids/185485-618-618/949.jpg?v=637287874773130000
LECHE EVAPORADA ENTERA GLORIA - LATA 400 GR,gloria-leche-evaporada-entera-41119510/p/,s/ 3.5,tottus,https://www.tottus.com.pe/gloria-leche-evaporada-entera-41119510/p/,https://e39a9f00db6c5bc097f9-75bc5dce1d64f93372e7c97ed35869cb.ssl.cf1.rackcdn.com/img-VL4OOhGb.jpg
Huevos Pardos Wong Bandeja 15 Unid,723464,S/. 6.75,wong,https://www.wong.pe/huevos-pardos-wong-bandeja-15-unid-723464/p,https://wongfood.vteximg.com.br/arquivos/ids/231013-1000-1000/Huevos-Pardos-Wong-Bandeja-15-Unid-1-9885192.jpg?v=636667670228500000
Huevos Pardos Metro Bandeja 15 Unid,3323,S/. 6.49,metro,https://www.metro.pe/huevos-pardos-metro-bandeja-15-unid-3323/p,https://wongfood.vteximg.com.br/arquivos/ids/241667-1000-1000/3323-01-5621.jpg?v=636711559186330000
Huevos de Gallina BELL'S Pardos Bandeja 15un,2294,S/ 6.49,plaza_vea,https://www.plazavea.com.pe/huevos-de-gallina-bells-pardos-bandeja-15un/p,https://plazavea.vteximg.com.br/arquivos/Cintillo-M-25-03.png?v=637207552647430000
Huevos de Gallina BELL'S Pardos Bandeja 15un,2294,S/ 6.99,vivanda,https://www.vivanda.com.pe/huevos-de-gallina-bells-pardos-bandeja-15un/p,https://vivanda.vteximg.com.br/arquivos/ids/179207-618-618/2294.jpg?v=637014132103970000
HUEVOS PARDOS TOTTUS - BANDEJA 15 UN,tottus-huevos-pardos-40293807/p/,s/ 5.99,tottus,https://www.tottus.com.pe/tottus-huevos-pardos-40293807/p/,https://e39a9f00db6c5bc097f9-75bc5dce1d64f93372e7c97ed35869cb.ssl.cf1.rackcdn.com/img-D5I_1C84.jpg
Arroz Extra Costeño Bolsa 750 g,11386,S/. 3.70,metro,https://www.metro.pe/arroz-extra-costeno-bolsa-750-g-11386/p,https://wongfood.vteximg.com.br/arquivos/ids/254548-1000-1000/Arroz-Extra-Costeño-Bolsa-750-g-1-4456.jpg?v=636765120213670000
Arroz Extra Costeño Bolsa 750 g,11386,S/. 3.90,wong,https://www.wong.pe/arroz-extra-costeno-bolsa-750-g-11386/p,https://wongfood.vteximg.com.br/arquivos/ids/254548-1000-1000/Arroz-Extra-Costeño-Bolsa-750-g-1-4456.jpg?v=636765120213670000
Arroz Extra COSTEÑO Bolsa 750g,433778,S/ 3.70,plaza_vea,https://www.plazavea.com.pe/arroz-extra-costeno-bolsa-750g/p,https://plazavea.vteximg.com.br/arquivos/Cintillo-M-25-03.png?v=637207552647430000
Arroz Extra COSTEÑO Bolsa 750g,433778,S/ 3.70,vivanda,https://www.vivanda.com.pe/arroz-extra-costeno-bolsa-750g/p,https://vivanda.vteximg.com.br/arquivos/ids/164833-618-618/433778.jpg?v=636137787630200000
ARROZ EXTRA COSTENO - BOLSA 750 GR,costeno-arroz-extra-10472603/p/,s/ 3.49,tottus,https://www.tottus.com.pe/costeno-arroz-extra-10472603/p/,https://e39a9f00db6c5bc097f9-75bc5dce1d64f93372e7c97ed35869cb.ssl.cf1.rackcdn.com/10472603-xmd_BBN3.jpg
Filete de Pechuga de Pollo x kg,227882,S/. 23.99,wong,https://www.wong.pe/filete-de-pechuga-de-pollo-x-kg-227882/p,https://wongfood.vteximg.com.br/arquivos/ids/267579-1000-1000/frontal-2619.jpg?v=636826752241400000
Filete de Pechuga de Pollo x kg,227882,S/. 23.89,metro,https://www.metro.pe/filete-de-pechuga-de-pollo-x-kg-227882/p,https://wongfood.vteximg.com.br/arquivos/ids/267579-1000-1000/frontal-2619.jpg?v=636826752241400000
Filete de Pechuga de Pollo x Kg,20110126,S/ 19.90,plaza_vea,https://www.plazavea.com.pe/filete-de-pechuga-de-pollo-x-kg/p,https://plazavea.vteximg.com.br/arquivos/Cintillo-M-25-03.png?v=637207552647430000
Filete de Pechuga de Pollo x Kg,20110126,S/ 23.99,vivanda,https://www.vivanda.com.pe/filete-de-pechuga-de-pollo-x-kg/p,https://vivanda.vteximg.com.br/arquivos/ids/185945-618-618/20110126.jpg?v=637298182875700000
FILETE DE PECHUGA DE POLLO TOTTUS - Venta por peso,tottus-filete-de-pechuga-pollo-40433295/p/,s/ 23.99 KG,tottus,https://www.tottus.com.pe/tottus-filete-de-pechuga-pollo-40433295/p/,https://e39a9f00db6c5bc097f9-75bc5dce1d64f93372e7c97ed35869cb.ssl.cf1.rackcdn.com/img-4NbBdIcL.jpg
Manzana Roja Importada x kg,67289,S/. 6.99,wong,https://www.wong.pe/manzana-roja-importada-x-kg-67289/p,https://wongfood.vteximg.com.br/arquivos/ids/159290-1000-1000/Manzana-Roja-Importada-Wong-67289.jpg?v=636089433532000000
Manzana Roja Importada x kg,67289,S/. 6.99,metro,https://www.metro.pe/manzana-roja-importada-x-kg-67289/p,https://wongfood.vteximg.com.br/arquivos/ids/159290-1000-1000/Manzana-Roja-Importada-Wong-67289.jpg?v=636089433532000000
Manzana Roja Importada x Kg,20064830,S/ 6.99,plaza_vea,https://www.plazavea.com.pe/manzana-roja-importada-x-kg/p,https://plazavea.vteximg.com.br/arquivos/Cintillo-M-25-03.png?v=637207552647430000
Manzana Roja Importada x Kg,20064830,S/ 5.90,vivanda,https://www.vivanda.com.pe/manzana-roja-importada-x-kg/p,https://vivanda.vteximg.com.br/arquivos/ids/166023-618-618/20064830.jpg?v=636137810132000000
MANZANA ROJA IMPORTADA PREMIUM FRUTAS - 1KG ES APROX. 5UN,frutas-manzana-roja-importada-premium-40632061/p/,s/ 6.99 KG,tottus,https://www.tottus.com.pe/frutas-manzana-roja-importada-premium-40632061/p/,https://e39a9f00db6c5bc097f9-75bc5dce1d64f93372e7c97ed35869cb.ssl.cf1.rackcdn.com/img-kAe6of5K.jpg
Tomate Italiano x kg,4044,S/. 3.49,wong,https://www.wong.pe/tomate-italiano-x-kg-4044/p,https://wongfood.vteximg.com.br/arquivos/ids/165228-1000-1000/frontal-3108.jpg?v=636415350885670000
Tomate Italiano Siembra Dorada Metro x kg,393213,S/. 3.29,metro,https://www.metro.pe/tomate-italiano-siembra-dorada-metro-x-kg-393213/p,https://wongfood.vteximg.com.br/arquivos/ids/236327-1000-1000/Tomate-Italiano-Siembra-Dorada-Metro-x-kg-2-214498.jpg?v=636689102240770000
Tomate Italiano BELL'S Bolsa 1Kg,20198834,S/ 4.90,plaza_vea,https://www.plazavea.com.pe/tomate-italiano-bells-bolsa-1kg/p,https://plazavea.vteximg.com.br/arquivos/Cintillo-M-25-03.png?v=637207552647430000
Tomate Italiano BELL'S Bolsa 1Kg,20198834,S/ 3.10,vivanda,https://www.vivanda.com.pe/tomate-italiano-bells-bolsa-1kg/p,https://vivanda.vteximg.com.br/arquivos/ids/208548-618-618/20198834.jpg?v=637372566928100000
TOMATE ITALIANO X KG VERDURAS - 1KG ES APROX. 8UN,tottus-tomate-italiano-10162958/p/,s/ 2.19 KG,tottus,https://www.tottus.com.pe/tottus-tomate-italiano-10162958/p/,https://e39a9f00db6c5bc097f9-75bc5dce1d64f93372e7c97ed35869cb.ssl.cf1.rackcdn.com/img-a70BxXci.jpg
Azúcar Rubia Wong Bolsa 1 kg,116641,S/. 3.30,wong,https://www.wong.pe/azucar-rubia-wong-bolsa-1-kg-116641/p,https://wongfood.vteximg.com.br/arquivos/ids/285492-1000-1000/116641-01-838.jpg?v=636900948358500000
Azúcar Rubia Metro Bolsa 1 kg,116642,S/. 3.10,metro,https://www.metro.pe/azucar-rubia-metro-bolsa-1-kg-116642/p,https://wongfood.vteximg.com.br/arquivos/ids/354342-1000-1000/Azucar-Rubia-Metro-Bolsa-1-kg-1-18963.jpg?v=637232832111500000
Azúcar Rubia BELL'S Bolsa 1Kg,6757,S/ 3.10,plaza_vea,https://www.plazavea.com.pe/azucar-rubia-bells-bolsa-1-kg/p,https://plazavea.vteximg.com.br/arquivos/Cintillo-M-25-03.png?v=637207552647430000
Azúcar Rubia BELL'S Bolsa 1Kg,6757,S/ 3.20,vivanda,https://www.vivanda.com.pe/azucar-rubia-bells-bolsa-1-kg/p,https://vivanda.vteximg.com.br/arquivos/ids/185007-618-618/6757.jpg?v=637274016913170000
AZUCAR RUBIA TOTTUS - BOLSA 1 KG,tottus-azucar-rubia-40546552/p/,s/ 4.49,tottus,https://www.tottus.com.pe/tottus-azucar-rubia-40546552/p/,https://e39a9f00db6c5bc097f9-75bc5dce1d64f93372e7c97ed35869cb.ssl.cf1.rackcdn.com/img-bqha31ER.jpg
Lenteja Costeño Bolsa 500 g,30037,S/. 5.39,wong,https://www.wong.pe/lenteja-costeno-bolsa-500-g-30037/p,https://wongfood.vteximg.com.br/arquivos/ids/155984-1000-1000/Lenteja-Costeno-Bolsa-500-g-30037.jpg?v=636052204470630000
Lenteja Costeño Bolsa 500 g,30037,S/. 5.10,metro,https://www.metro.pe/lenteja-costeno-bolsa-500-g-30037/p,https://wongfood.vteximg.com.br/arquivos/ids/155984-1000-1000/Lenteja-Costeno-Bolsa-500-g-30037.jpg?v=636052204470630000
Lenteja COSTEÑO Bolsa 500g,995413,S/ 5.00,plaza_vea,https://www.plazavea.com.pe/lenteja-costeno-bolsa-500g/p,https://plazavea.vteximg.com.br/arquivos/Cintillo-M-25-03.png?v=637207552647430000
Lenteja COSTEÑO Bolsa 500g,995413,S/ 5.39,vivanda,https://www.vivanda.com.pe/lenteja-costeno-bolsa-500g/p,https://vivanda.vteximg.com.br/arquivos/ids/169107-618-618/995413.jpg?v=636137851663230000
LENTEJA COSTENO - BOLSA 500 GR,costeno-lenteja-10167792/p/,s/ 5.6,tottus,https://www.tottus.com.pe/costeno-lenteja-10167792/p/,https://e39a9f00db6c5bc097f9-75bc5dce1d64f93372e7c97ed35869cb.ssl.cf1.rackcdn.com/img-txJPW2P7.jpg
Spaghetti Nro 34 Don Vittorio Bolsa 500 g,11112,S/. 3.09,wong,https://www.wong.pe/spaghetti-nro-34-don-vittorio-bolsa-500-g-11112/p,https://wongfood.vteximg.com.br/arquivos/ids/364060-1000-1000/frontal-3159.jpg?v=637280352205000000
Spaghetti Nro 34 Don Vittorio Bolsa 500 g,11112,S/. 2.89,metro,https://www.metro.pe/spaghetti-nro-34-don-vittorio-bolsa-500-g-11112/p,https://wongfood.vteximg.com.br/arquivos/ids/364060-1000-1000/frontal-3159.jpg?v=637280352205000000
Spaghetti DON VITTORIO Bolsa 500g,1107105002,S/ 2.79,plaza_vea,https://www.plazavea.com.pe/spaghetti-don-vittorio-bolsa-500g/p,https://plazavea.vteximg.com.br/arquivos/Cintillo-M-25-03.png?v=637207552647430000
Spaghetti DON VITTORIO Bolsa 500g,1107105002,S/ 3.09,vivanda,https://www.vivanda.com.pe/spaghetti-don-vittorio-bolsa-500g/p,https://vivanda.vteximg.com.br/arquivos/ids/161402-618-618/1107105002.jpg?v=636137720245870000
FIDEO SPAGHETTI DON-VITTORIO - BOLSA 500 GR,don-vittorio-fideo-spaghetti-40747602/p/,s/ 2.8,tottus,https://www.tottus.com.pe/don-vittorio-fideo-spaghetti-40747602/p/,https://e39a9f00db6c5bc097f9-75bc5dce1d64f93372e7c97ed35869cb.ssl.cf1.rackcdn.com/img-cH17t48x.jpg
Queso Edam Braedt en Tajadas Paquete 200 g,752207,S/. 8.29,wong,https://www.wong.pe/quedo-edam-braedt-en-tajadas-paquete-200-g-752207/p,https://wongfood.vteximg.com.br/arquivos/ids/302920-1000-1000/Queso-Edam-Braedt-en-Tajadas-Paquete-200-g-1-34322518.jpg?v=636962292853130000
Queso Edam Braedt en Tajadas Paquete 200 g,752207,S/. 8.50,metro,https://www.metro.pe/quedo-edam-braedt-en-tajadas-paquete-200-g-752207/p,https://wongfood.vteximg.com.br/arquivos/ids/302920-1000-1000/Queso-Edam-Braedt-en-Tajadas-Paquete-200-g-1-34322518.jpg?v=636962292853130000
Queso Edam BRAEDT Paquete 200g,20172513,S/ 10.49,plaza_vea,https://www.plazavea.com.pe/queso-edam-braedt-paquete-200g/p,https://plazavea.vteximg.com.br/arquivos/Cintillo-M-25-03.png?v=637207552647430000
Queso Edam BRAEDT Paquete 200g,20172513,S/ 10.49,vivanda,https://www.vivanda.com.pe/queso-edam-braedt-paquete-200g/p,https://vivanda.vteximg.com.br/arquivos/ids/178284-618-618/20172513.jpg?v=636946620917700000
QUESO EDAM BRAEDT - PAQUETE 200 GR,braedt-queso-edam-41848153/p/,s/ 9.09,tottus,https://www.tottus.com.pe/braedt-queso-edam-41848153/p/,https://e39a9f00db6c5bc097f9-75bc5dce1d64f93372e7c97ed35869cb.ssl.cf1.rackcdn.com/img-5muTVmC4.jpg
Yogurt Parcialmente Descremado Fresa Gloria Botella 1 kg,48255001,S/. 5.40,wong,https://www.wong.pe/yogurt-parcialmente-descremado-fresa-gloria-botella-1-kg-48255001/p,https://wongfood.vteximg.com.br/arquivos/ids/354767-1000-1000/frontal-1968.jpg?v=637237044345970000
Yogurt Parcialmente Descremado Fresa Gloria Botella 1 kg,48255001,S/. 5.40,metro,https://www.metro.pe/yogurt-parcialmente-descremado-fresa-gloria-botella-1-kg-48255001/p,https://wongfood.vteximg.com.br/arquivos/ids/354767-1000-1000/frontal-1968.jpg?v=637237044345970000
Yogurt Bebible GLORIA Fresa Botella 1Kg,20192547,S/ 5.40,plaza_vea,https://www.plazavea.com.pe/yogurt-bebible-gloria-fresa-botella-1kg/p,https://plazavea.vteximg.com.br/arquivos/Cintillo-M-25-03.png?v=637207552647430000
YOGURT FRESA GLORIA - BOTELLA 1 KG,gloria-yogurt-fresa-gloria-x-1kg-42084737/p/,s/ 6.49,tottus,https://www.tottus.com.pe/gloria-yogurt-fresa-gloria-x-1kg-42084737/p/,https://e39a9f00db6c5bc097f9-75bc5dce1d64f93372e7c97ed35869cb.ssl.cf1.rackcdn.com/img-zCeSyW4b.jpg
Mantequilla Laive Con Sal Pote 200 g,466522,S/. 9.99,wong,https://www.wong.pe/mantequilla-laive-con-sal-pote-200-g-466522/p,https://wongfood.vteximg.com.br/arquivos/ids/354473-1000-1000/466522-01-2515.jpg?v=637233588560000000
Mantequilla Laive Con Sal Pote 200 g,466522,S/. 9.99,metro,https://www.metro.pe/mantequilla-laive-con-sal-pote-200-g-466522/p,https://wongfood.vteximg.com.br/arquivos/ids/354473-1000-1000/466522-01-2515.jpg?v=637233588560000000
Mantequilla LAIVE con Sal Pote 200g,20076655,S/ 8.90,plaza_vea,https://www.plazavea.com.pe/mantequilla-laive-con-sal-pote-200g/p,https://plazavea.vteximg.com.br/arquivos/Cintillo-M-25-03.png?v=637207552647430000
Mantequilla LAIVE con Sal Pote 200g,20076655,S/ 9.99,vivanda,https://www.vivanda.com.pe/mantequilla-laive-con-sal-pote-200g/p,https://vivanda.vteximg.com.br/arquivos/ids/184651-618-618/20076655.jpg?v=637266519366000000
MANTEQUILLA CON SAL LAIVE - POTE 200 GR,laive-mantequilla-con-sal-41255560/p/,s/ 9.5,tottus,https://www.tottus.com.pe/laive-mantequilla-con-sal-41255560/p/,https://e39a9f00db6c5bc097f9-75bc5dce1d64f93372e7c97ed35869cb.ssl.cf1.rackcdn.com/img-fHp3GGA0.jpg
Hp Impresora Multifuncional HP 315,734634,S/. 569.00,wong,https://www.wong.pe/hp-impresora-multifuncional-ink-tank-315-734634/p,https://wongfood.vteximg.com.br/arquivos/ids/380721-1000-1000/Hp-Impresora-Multifuncional-HP-315-1-17193692.jpg?v=637358983000970000
Hp Impresora Multifuncional HP 315,734634,S/. 569.00,metro,https://www.metro.pe/hp-impresora-multifuncional-ink-tank-315-734634/p,https://wongfood.vteximg.com.br/arquivos/ids/380721-1000-1000/Hp-Impresora-Multifuncional-HP-315-1-17193692.jpg?v=637358983000970000
Impresora Multifuncional HP Ink Tank 315,20148667,S/ 579.00,plaza_vea,https://www.plazavea.com.pe/impresora-multifuncional-hp-ink-tank-315/p,https://plazavea.vteximg.com.br/arquivos/Cintillo-M-25-03.png?v=637207552647430000
Impresora Multifuncional HP Ink Tank 315,impresora-multifuncional-hp-ink-tank-315-39227/p,S/ 579.00,vivanda,https://www.vivanda.com.pe/impresora-multifuncional-hp-ink-tank-315-39227/p,https://vivanda.vteximg.com.br/arquivos/ids/190286-618-618/image-83aaddae3258451b800aacb1fd407156.jpg?v=637311568933000000
IMPRESORA MULTIFUNCIONAL HP INK TANK 315 HP - IMPRESORA MULTIFUNCIONAL,hp-impresora-ink-tank-315-41633098/p/,s/ 549,tottus,https://www.tottus.com.pe/hp-impresora-ink-tank-315-41633098/p/,https://e39a9f00db6c5bc097f9-75bc5dce1d64f93372e7c97ed35869cb.ssl.cf1.rackcdn.com/img-qUCBRZvj.jpg
Panetón Donofrio Caja 900 g,5366,S/. 26.49,wong,https://www.wong.pe/paneton-donofrio-caja-900-g-5366/p,https://wongfood.vteximg.com.br/arquivos/ids/323283-1000-1000/5366-01-25009.jpg?v=637064352809030000
Panetón D'ONOFRIO Caja 900g,48033,S/ 26.49,plaza_vea,https://www.plazavea.com.pe/paneton-donofrio-caja-900g/p,https://plazavea.vteximg.com.br/arquivos/ids/427951-220-220/48033.jpg?v=637381161493730000
Panetón Donofrio Caja 900 g,5366,S/. 26.49,metro,https://www.metro.pe/paneton-donofrio-caja-900-g-5366/p,https://wongfood.vteximg.com.br/arquivos/ids/323283-1000-1000/5366-01-25009.jpg?v=637064352809030000
Panetón D'ONOFRIO Caja 900g,48033,S/ 26.49,vivanda,https://www.vivanda.com.pe/paneton-donofrio-caja-900g/p,https://vivanda.vteximg.com.br/arquivos/ids/209829-618-618/48033.jpg?v=637381165381630000
PANETON DONOFRIO - CAJA 900 GR,donofrio-paneton-41198224/p/,s/ 24.9,tottus,https://www.tottus.com.pe/donofrio-paneton-41198224/p/,https://e39a9f00db6c5bc097f9-75bc5dce1d64f93372e7c97ed35869cb.ssl.cf1.rackcdn.com/img-D_5Wp-3y.jpg
Panetón Todinno Caja 900 g + Todinnito 100 g,15171,S/. 27.90,wong,https://www.wong.pe/paneton-todinno-caja-900-g-todinnito-100-g-15171/p,https://wongfood.vteximg.com.br/arquivos/ids/369707-1000-1000/15171-1.jpg?v=637305236159930000
Panetón TODINNO Caja 900g + Todinnito Caja 100g,20227,S/ 24.99,plaza_vea,https://www.plazavea.com.pe/paneton-todinno-todinnito-caja-1kg/p,https://plazavea.vteximg.com.br/arquivos/ids/490835-220-220/20227.jpg?v=637399291407730000
Panetón Todinno Caja 900 g + Todinnito 100 g,15171,S/. 27.90,metro,https://www.metro.pe/paneton-todinno-caja-900-g-todinnito-100-g-15171/p,https://wongfood.vteximg.com.br/arquivos/ids/369707-1000-1000/15171-1.jpg?v=637305236159930000
Panetón TODINNO Caja 900g + Todinnito Caja 100g,20227,S/ 24.99,vivanda,https://www.vivanda.com.pe/paneton-todinno-todinnito-caja-1kg/p,https://vivanda.vteximg.com.br/arquivos/ids/219078-618-618/20227.jpg?v=637399292570530000
PANETÓN + PANETÓN X 100 G TODINNO - CAJA 900 GR,todinno-paneton--paneton-x-100-g-10205606/p/,s/ 24.99,tottus,https://www.tottus.com.pe/todinno-paneton--paneton-x-100-g-10205606/p/,https://e39a9f00db6c5bc097f9-75bc5dce1d64f93372e7c97ed35869cb.ssl.cf1.rackcdn.com/img-4l_nGYqC.jpg
Panetón D'Onofrio Tradicional Bolsa 900 g,361514,S/. 22.89,wong,https://www.wong.pe/paneton-d-onofrio-bolsa-900-g-361514/p,https://wongfood.vteximg.com.br/arquivos/ids/323286-1000-1000/361514-01-30980.jpg?v=637064352833900000
Panetón DONOFRIO Bolsa 900g,926322,S/ 21.90,plaza_vea,https://www.plazavea.com.pe/paneton-donofrio-bolsa-900g/p,https://plazavea.vteximg.com.br/arquivos/ids/427945-220-220/926322.jpg?v=637381161193400000
Panetón D'Onofrio Tradicional Bolsa 900 g,361514,S/. 22.89,metro,https://www.metro.pe/paneton-d-onofrio-bolsa-900-g-361514/p,https://wongfood.vteximg.com.br/arquivos/ids/323286-1000-1000/361514-01-30980.jpg?v=637064352833900000
Panetón DONOFRIO Bolsa 900g,926322,S/ 22.90,vivanda,https://www.vivanda.com.pe/paneton-donofrio-bolsa-900g/p,https://vivanda.vteximg.com.br/arquivos/ids/209823-618-618/926322.jpg?v=637381165152700000
PANETON DONOFRIO - BOLSA 900 GR,donofrio-paneton-40286549/p/,s/ 21.9,tottus,https://www.tottus.com.pe/donofrio-paneton-40286549/p/,https://e39a9f00db6c5bc097f9-75bc5dce1d64f93372e7c97ed35869cb.ssl.cf1.rackcdn.com/img-2W4EkqgO.jpg
Panetón con Pasas y Frutas Confitadas Gloria Bolsa 900 gr,253275,S/. 22.99,wong,https://www.wong.pe/paneton-con-pasas-y-frutas-confitadas-gloria-bolsa-900-gr-253275/p,https://wongfood.vteximg.com.br/arquivos/ids/383719-1000-1000/253275-01-33304.jpg?v=637371721515370000
Panetón GLORIA Bolsa 900g,969673,S/ 22.99,plaza_vea,https://www.plazavea.com.pe/paneton-gloria-bolsa-900g/p,https://plazavea.vteximg.com.br/arquivos/ids/427949-220-220/969673.jpg?v=637381161423770000
Panetón con Pasas y Frutas Confitadas Gloria Bolsa 900 gr,253275,S/. 22.99,metro,https://www.metro.pe/paneton-con-pasas-y-frutas-confitadas-gloria-bolsa-900-gr-253275/p,https://wongfood.vteximg.com.br/arquivos/ids/383719-1000-1000/253275-01-33304.jpg?v=637371721515370000
Panetón GLORIA Bolsa 900g,969673,S/ 23.10,vivanda,https://www.vivanda.com.pe/paneton-gloria-bolsa-900g/p,https://vivanda.vteximg.com.br/arquivos/ids/209827-618-618/969673.jpg?v=637381165307630000
PANETON CON PASAS Y FRUTAS GLORIA - BOLSA 900 GR,gloria-paneton-con-pasas-y-frutas-41742592/p/,s/ 22.49,tottus,https://www.tottus.com.pe/gloria-paneton-con-pasas-y-frutas-41742592/p/,https://e39a9f00db6c5bc097f9-75bc5dce1d64f93372e7c97ed35869cb.ssl.cf1.rackcdn.com/41742592-9EfWdmei.jpg
Tableta para Taza Sabor Chocolate Clavo y Canela Sol del Cusco Tableta 90 gr,48485002,S/. 1.80,wong,https://www.wong.pe/tableta-para-taza-sabor-chocolate-clavo-y-canela-sol-del-cusco-tableta-90-gr-48485002/p,https://wongfood.vteximg.com.br/arquivos/ids/363603-1000-1000/frontal-3839.jpg?v=637279272155000000
Tableta sabor chocolate para taza SOL DEL CUSCO con Clavo y Canela Tableta 90g,20100882,S/ 1.69,plaza_vea,https://www.plazavea.com.pe/chocolate-para-taza-sol-del-cusco-con-canela-y-clavo-barra-90gr/p,https://plazavea.vteximg.com.br/arquivos/ids/358042-220-220/20100882.jpg?v=637304278720070000
Tableta para Taza Sabor Chocolate Clavo y Canela Sol del Cusco Tableta 90 gr,48485002,S/. 1.80,metro,https://www.metro.pe/tableta-para-taza-sabor-chocolate-clavo-y-canela-sol-del-cusco-tableta-90-gr-48485002/p,https://wongfood.vteximg.com.br/arquivos/ids/363603-1000-1000/frontal-3839.jpg?v=637279272155000000
Tableta sabor chocolate para taza SOL DEL CUSCO con Clavo y Canela Tableta 90g,20100882,S/ 1.80,vivanda,https://www.vivanda.com.pe/chocolate-para-taza-sol-del-cusco-con-canela-y-clavo-barra-90gr/p,https://vivanda.vteximg.com.br/arquivos/ids/186409-618-618/20100882.jpg?v=637304284448000000
TABLETA PARA TAZA CON CANELA SOL-DEL-CUSCO - BARRA 90 GR,sol-del-cusco-tableta-para-taza-con-canela-41051410/p/,s/ 1.7,tottus,https://www.tottus.com.pe/sol-del-cusco-tableta-para-taza-con-canela-41051410/p/,https://e39a9f00db6c5bc097f9-75bc5dce1d64f93372e7c97ed35869cb.ssl.cf1.rackcdn.com/img-yQCpg22c.jpg
Tableta para Taza Sabor Chocolate Tradicional Sol del Cusco Tableta 90 gr,48485001,S/. 1.80,wong,https://www.wong.pe/tableta-para-taza-sabor-chocolate-tradicional-sol-del-cusco-tableta-90-gr-48485001/p,https://wongfood.vteximg.com.br/arquivos/ids/363600-1000-1000/frontal-3835.jpg?v=637279272115830000
Tableta sabor chocolate para taza SOL DEL CUSCO Tradicional Tableta 90g,20100883,S/ 1.69,plaza_vea,https://www.plazavea.com.pe/chocolate-para-taza-sol-del-cusco-barra-90gr/p,https://plazavea.vteximg.com.br/arquivos/ids/358043-220-220/20100883.jpg?v=637304278762170000
Tableta para Taza Sabor Chocolate Tradicional Sol del Cusco Tableta 90 gr,48485001,S/. 1.80,metro,https://www.metro.pe/tableta-para-taza-sabor-chocolate-tradicional-sol-del-cusco-tableta-90-gr-48485001/p,https://wongfood.vteximg.com.br/arquivos/ids/363600-1000-1000/frontal-3835.jpg?v=637279272115830000
Tableta sabor chocolate para taza SOL DEL CUSCO Tradicional Tableta 90g,20100883,S/ 1.80,vivanda,https://www.vivanda.com.pe/chocolate-para-taza-sol-del-cusco-barra-90gr/p,https://vivanda.vteximg.com.br/arquivos/ids/186410-618-618/20100883.jpg?v=637304284483170000
TABLETA PARA TAZA TRADICIONAL SOL-DEL-CUSCO - BARRA 90 GR,sol-del-cusco-tableta-para-taza-tradicional-41051409/p/,s/ 1.7,tottus,https://www.tottus.com.pe/sol-del-cusco-tableta-para-taza-tradicional-41051409/p/,https://e39a9f00db6c5bc097f9-75bc5dce1d64f93372e7c97ed35869cb.ssl.cf1.rackcdn.com/img-uCdsepiM.jpg
Gaseosa Coca Cola Botella 3 Lt,45035,S/. 9.50,wong,https://www.wong.pe/gaseosa-coca-cola-botella-3-lt-45035/p,https://wongfood.vteximg.com.br/arquivos/ids/344189-1000-1000/45035-01-7.jpg?v=637153128781870000
Gaseosa COCA COLA Botella 3L,21130,S/ 9.90,plaza_vea,https://www.plazavea.com.pe/gaseosa-coca-cola-botella-3l/p,https://plazavea.vteximg.com.br/arquivos/ids/525926-220-220/21130.jpg?v=637418780910600000
Gaseosa Coca Cola Botella 3 Lt,45035,S/. 9.20,metro,https://www.metro.pe/gaseosa-coca-cola-botella-3-lt-45035/p,https://wongfood.vteximg.com.br/arquivos/ids/344189-1000-1000/45035-01-7.jpg?v=637153128781870000
Gaseosa COCA COLA Botella 3L,21130,S/ 9.90,vivanda,https://www.vivanda.com.pe/gaseosa-coca-cola-botella-3l/p,https://vivanda.vteximg.com.br/arquivos/ids/225126-618-618/21130.jpg?v=637418785898030000
GASEOSA COCA COLA COCA-COLA - BOTELLA 3 LT,coca-cola-gas-coca-cola-pe-t-nr-x-3-l-10164192/p/,s/ 10.5,tottus,https://www.tottus.com.pe/coca-cola-gas-coca-cola-pe-t-nr-x-3-l-10164192/p/,https://e39a9f00db6c5bc097f9-75bc5dce1d64f93372e7c97ed35869cb.ssl.cf1.rackcdn.com/img-CTJy3FET.jpg
Gaseosa Inca Kola Botella 3 Lt,45190,S/. 9.50,wong,https://www.wong.pe/gaseosa-inca-kola-botella-3-lt-45190/p,https://wongfood.vteximg.com.br/arquivos/ids/344234-1000-1000/45190-01-4833.jpg?v=637153129644170000
Gaseosa INCA KOLA Botella 3L,21186,S/ 9.90,plaza_vea,https://www.plazavea.com.pe/gaseosa-inca-kola-botella-3l/p,https://plazavea.vteximg.com.br/arquivos/ids/525928-220-220/21186.jpg?v=637418780973130000
Gaseosa Inca Kola Botella 3 Lt,45190,S/. 9.20,metro,https://www.metro.pe/gaseosa-inca-kola-botella-3-lt-45190/p,https://wongfood.vteximg.com.br/arquivos/ids/344234-1000-1000/45190-01-4833.jpg?v=637153129644170000
Gaseosa INCA KOLA Botella 3L,21186,S/ 9.90,vivanda,https://www.vivanda.com.pe/gaseosa-inca-kola-botella-3l/p,https://vivanda.vteximg.com.br/arquivos/ids/225128-618-618/21186.jpg?v=637418785962000000
GASEOSA INCA KOLA INCA-KOLA - BOTELLA 3 LT,inca-kola-inca-kola-30-l-pet-10174382/p/,s/ 10.5,tottus,https://www.tottus.com.pe/inca-kola-inca-kola-30-l-pet-10174382/p/,https://e39a9f00db6c5bc097f9-75bc5dce1d64f93372e7c97ed35869cb.ssl.cf1.rackcdn.com/img-uR90nxqP.jpg
Pavo Entero Congelado San Fernando x kg,16249,S/. 10.99,wong,https://www.wong.pe/pavo-entero-congelado-san-fernando-x-kg-16249/p,https://wongfood.vteximg.com.br/arquivos/ids/196880-1000-1000/PAVO-SAN-FERNANDO-1-30254.jpg?v=636482053506270000
Pavo Entero con Menudencia SAN FERNANDO Congelado,31660,S/ 11.90,plaza_vea,https://www.plazavea.com.pe/pavo-entero-con-menudencia-san-fernando-congelado/p,https://plazavea.vteximg.com.br/arquivos/ids/518458-220-220/31660.jpg?v=637417676654630000
Pavo Entero Congelado San Fernando x kg,16249,S/. 8.49,metro,https://www.metro.pe/pavo-entero-congelado-san-fernando-x-kg-16249/p,https://wongfood.vteximg.com.br/arquivos/ids/196880-1000-1000/PAVO-SAN-FERNANDO-1-30254.jpg?v=636482053506270000
Pavo Entero con Menudencia SAN FERNANDO Congelado,31660,S/ 12.49,vivanda,https://www.vivanda.com.pe/pavo-entero-con-menudencia-san-fernando-congelado/p,https://vivanda.vteximg.com.br/arquivos/ids/224456-618-618/31660.jpg?v=637417649519530000
PAVO ENTERO SAN-FERNANDO - Venta x Peso,san-fernando-pavo-entero-con-menudencia-10182815/p/,s/ 11.29 KGs/ 11.49 KG,tottus,https://www.tottus.com.pe/san-fernando-pavo-entero-con-menudencia-10182815/p/,https://e39a9f00db6c5bc097f9-75bc5dce1d64f93372e7c97ed35869cb.ssl.cf1.rackcdn.com/img-JauKhCNJ.jpg
Pavo con Menudencia REDONDOS Congelado,967148,S/ 11.49,plaza_vea,https://www.plazavea.com.pe/pavo-con-menudencia-redondos-congelado/p,https://plazavea.vteximg.com.br/arquivos/ids/570427-220-220/967148.jpg?v=637432142428730000
Pavo Entero Redondos x kg,125732,S/. 10.45,metro,https://www.metro.pe/pavo-entero-redondos-x-kg-125732/p,https://wongfood.vteximg.com.br/arquivos/ids/396983-1000-1000/125732-01-7153.jpg?v=637431510101200000
Pavo con Menudencia REDONDOS Congelado,967148,S/ 11.99,vivanda,https://www.vivanda.com.pe/pavo-con-menudencia-redondos-congelado/p,https://vivanda.vteximg.com.br/arquivos/ids/240221-618-618/967148.jpg?v=637432142685170000
PAVO ENTERO REDONDOS - Venta x Peso,redondos-pavo-entero-con-menudencia-40429031/p/,s/ 10.99 KG,tottus,https://www.tottus.com.pe/redondos-pavo-entero-con-menudencia-40429031/p/,https://e39a9f00db6c5bc097f9-75bc5dce1d64f93372e7c97ed35869cb.ssl.cf1.rackcdn.com/40429031-fMZ1qBi1.jpg
Cerveza Pilsen Pack 6 Unid x 310 ml,384266,S/. 16.90,wong,https://www.wong.pe/cerveza-pilsen-pack-6-unid-x-310-ml-384266/p,https://wongfood.vteximg.com.br/arquivos/ids/353205-1000-1000/384266-1.jpg?v=637219027729700000
Cerveza PILSEN 6 Pack Botella 310ml,20008540,S/ 16.90,plaza_vea,https://www.plazavea.com.pe/cerveza-pilsen-6-pack-botella-310ml/p,https://plazavea.vteximg.com.br/arquivos/ids/312655-220-220/20008540.jpg?v=637219605212570000
Cerveza Pilsen Pack 6 Unid x 310 ml,384266,S/. 16.90,metro,https://www.metro.pe/cerveza-pilsen-pack-6-unid-x-310-ml-384266/p,https://wongfood.vteximg.com.br/arquivos/ids/353205-1000-1000/384266-1.jpg?v=637219027729700000
Cerveza PILSEN 6 Pack Botella 310ml,20008540,S/ 16.90,vivanda,https://www.vivanda.com.pe/cerveza-pilsen-6-pack-botella-310ml/p,https://vivanda.vteximg.com.br/arquivos/ids/182906-618-618/20008540.jpg?v=637219901237070000
CERVEZA PILSEN 310ML PILSEN - SIX PACK,pilsen-pilsen-callao-310-ml-nr-six-pack-40428524/p/,s/ 16.9,tottus,https://www.tottus.com.pe/pilsen-pilsen-callao-310-ml-nr-six-pack-40428524/p/,https://e39a9f00db6c5bc097f9-75bc5dce1d64f93372e7c97ed35869cb.ssl.cf1.rackcdn.com/40428524-hGL6C1QU.jpg
Pisco Cuatro Gallos Mosto Verde Italia Botella 700 ml,577268007,S/. 64.90,wong,https://www.wong.pe/pisco-cuatro-gallos-mosto-verde-italia-botella-700-ml-577268007/p,https://wongfood.vteximg.com.br/arquivos/ids/379875-1000-1000/577268007-01-137657.jpg?v=637355736852130000
Pisco CUATRO GALLOS Mosto Verde Italia Botella 700ml,20134981,S/ 64.90,plaza_vea,https://www.plazavea.com.pe/pisco-cuatro-gallos-mosto-verde-italia-botella-700ml/p,https://plazavea.vteximg.com.br/arquivos/ids/529789-220-220/20134981.jpg?v=637419662944730000
Pisco Cuatro Gallos Mosto Verde Italia Botella 700 ml,577268007,S/. 64.90,metro,https://www.metro.pe/pisco-cuatro-gallos-mosto-verde-italia-botella-700-ml-577268007/p,https://wongfood.vteximg.com.br/arquivos/ids/379875-1000-1000/577268007-01-137657.jpg?v=637355736852130000
Pisco CUATRO GALLOS Mosto Verde Italia Botella 700ml,20134981,S/ 64.90,vivanda,https://www.vivanda.com.pe/pisco-cuatro-gallos-mosto-verde-italia-botella-700ml/p,https://vivanda.vteximg.com.br/arquivos/ids/227483-618-618/20134981.jpg?v=637419699261770000
PISCO MOSTO VERDE ITALIA CUATRO-GALLOS - BOTELLA 700 ML,cuatro-gallos-pisco-italia-mosto-verde-41527962/p/,s/ 67.9,tottus,https://www.tottus.com.pe/cuatro-gallos-pisco-italia-mosto-verde-41527962/p/,https://e39a9f00db6c5bc097f9-75bc5dce1d64f93372e7c97ed35869cb.ssl.cf1.rackcdn.com/img-ez0La2zB.jpg
Chocolate Instantáneo Sabor Canela y Clavo Sol del Cusco Bolsa 90 gr,173208,S/. 2.49,wong,https://www.wong.pe/chocolate-instantaneo-sabor-canela-y-clavo-sol-del-cusco-bolsa-90-gr-173208/p,https://wongfood.vteximg.com.br/arquivos/ids/363601-1000-1000/frontal-3836.jpg?v=637279272135930000
Chocolate Instantáneo SOL DEL CUSCO sabor clavo y canela Bolsa 90g,1066998002,S/ 2.90,plaza_vea,https://www.plazavea.com.pe/chocolate-para-taza-sol-del-cuzco-canela-y-clavo-bolsa-90gr/p,https://plazavea.vteximg.com.br/arquivos/ids/358045-220-220/1066998002.jpg?v=637304278839970000
Chocolate Instantáneo Sabor Canela y Clavo Sol del Cusco Bolsa 90 gr,173208,S/. 2.49,metro,https://www.metro.pe/chocolate-instantaneo-sabor-canela-y-clavo-sol-del-cusco-bolsa-90-gr-173208/p,https://wongfood.vteximg.com.br/arquivos/ids/363601-1000-1000/frontal-3836.jpg?v=637279272135930000
Chocolate Instantáneo SOL DEL CUSCO sabor clavo y canela Bolsa 90g,1066998002,S/ 2.40,vivanda,https://www.vivanda.com.pe/chocolate-para-taza-sol-del-cuzco-canela-y-clavo-bolsa-90gr/p,https://vivanda.vteximg.com.br/arquivos/ids/186412-618-618/1066998002.jpg?v=637304284582330000
CHOCOLATE INSTANTÁNEO P/ TAZA SOL-DEL-CUSCO - BOLSA 90 GR,sol-del-cusco-chocolate-instantaneo-p-taza-20097481/p/,s/ 2.8,tottus,https://www.tottus.com.pe/sol-del-cusco-chocolate-instantaneo-p-taza-20097481/p/,https://e39a9f00db6c5bc097f9-75bc5dce1d64f93372e7c97ed35869cb.ssl.cf1.rackcdn.com/img-dM0vGBLt.jpg
Ron CARTAVIO Solera 12 Años Botella 750ml,33943,S/ 69.50,plaza_vea,https://www.plazavea.com.pe/ron-cartavio-solera-12-anos-botella-750ml/p,https://plazavea.vteximg.com.br/arquivos/ids/525853-220-220/33943.jpg?v=637418778360070000
Ron CARTAVIO Solera 12 Años Botella 750ml,33943,S/ 69.50,vivanda,https://www.vivanda.com.pe/ron-cartavio-solera-12-anos-botella-750ml/p,https://vivanda.vteximg.com.br/arquivos/ids/225053-618-618/33943.jpg?v=637418783223400000
RON SOLERA 12 AÑOS CARTAVIO - BOTELLA 750 ML,cartavio-ron-solera-12-anos-10384304/p/,s/ 62.9,tottus,https://www.tottus.com.pe/cartavio-ron-solera-12-anos-10384304/p/,https://e39a9f00db6c5bc097f9-75bc5dce1d64f93372e7c97ed35869cb.ssl.cf1.rackcdn.com/img-xcr55lGH.jpg
